<?xml version="1.0"?>
<bom serialNumber="urn:uuid:5e55b491-5a80-3235-9ea1-d936cc992b4e" 
version = "1" xmlns="http://cyclonedx.org/schema/bom/1.2">
	<metadata>
	  <timestamp>2020-10-23T20:43:00Z</timestamp>
	  <authors>
	    <author>
              <name>  Software Engineering Institute</name>
              <email></email>
	    </author>
	  </authors>
	  <component type="device" bom-ref="e85fc03b-cd19-3fb8-a939-713497b7397c">
	    <name>SwiftBom-v1.7</name>
	    <version>1.7</version>
	    <purl>pkg:supplier/%20%20SEI/SwiftBom-v1.7@1.7</purl>
	  </component>
	  <manufacture>
	    <name>  SEI</name>
	    <url></url>
	    <contact>
              <name>  SEI</name>
              <email></email>
	    </contact>
	  </manufacture>
	  <supplier>
	    <name>
	        SEI
	    </name>
	  </supplier>
	</metadata>
      <components>
	<component type="library" bom-ref="b368c8a4-2bcf-ef1b-316b-70dd3ccbf3d2">
	  <publisher>  SEI</publisher>
	  <name>script.js</name>
	  <version>4.9</version>
	  <purl>pkg:supplier/%20%20SEI/script.js@4.9</purl>
	</component>
      	<component type="library" bom-ref="1e6a5a62-5674-290d-e924-769ec400f618">
	  <publisher>  SEI</publisher>
	  <name>css.css</name>
	  <version>2.6</version>
	  <purl>pkg:supplier/%20%20SEI/css.css@2.6</purl>
	</component>
      	<component type="library" bom-ref="754af5bc-0118-af7b-fd6b-6fdb6c179565">
	  <publisher>  Bootstrap team</publisher>
	  <name>Bootstrap JS</name>
	  <version>4.3.1</version>
	  <purl>pkg:supplier/%20%20Bootstrap%20team/Bootstrap%20JS@4.3.1</purl>
	</component>
      	<component type="library" bom-ref="01eb8c3b-86ce-60cb-a3ff-6a52b65ff03f">
	  <publisher>  The jQuery Foundation</publisher>
	  <name>jQuery</name>
	  <version>3.5.1</version>
	  <purl>pkg:supplier/%20%20The%20jQuery%20Foundation/jQuery@3.5.1</purl>
	</component>
      	<component type="library" bom-ref="978a07f9-5d54-caca-50f3-d97204bc858b">
	  <publisher>  Bootstrap Team</publisher>
	  <name>Bootstrap CSS</name>
	  <version>4.3.1</version>
	  <purl>pkg:supplier/%20%20Bootstrap%20Team/Bootstrap%20CSS@4.3.1</purl>
	</component>
      	<component type="library" bom-ref="539c8b77-d5d0-3497-8a39-fc65de4ccb36">
	  <publisher>  Popperjs Open collective</publisher>
	  <name>Popper JS</name>
	  <version>1.14.7</version>
	  <purl>pkg:supplier/%20%20Popperjs%20Open%20collective/Popper%20JS@1.14.7</purl>
	</component>
      	<component type="library" bom-ref="48e59e89-7327-def1-fbe2-2e3f7f19aa47">
	  <publisher>  Mark Bostock D3</publisher>
	  <name>D3.js</name>
	  <version>3.5.17</version>
	  <purl>pkg:supplier/%20%20Mark%20Bostock%20D3/D3.js@3.5.17</purl>
	</component>
      	<component type="library" bom-ref="b157628e-cef9-d315-d517-d4194120f740">
	  <publisher>  SweetAlert Open collective</publisher>
	  <name>SweetAlert js</name>
	  <version>2.1.2</version>
	  <purl>pkg:supplier/%20%20SweetAlert%20Open%20collective/SweetAlert%20js@2.1.2</purl>
	</component>
      	<component type="library" bom-ref="44134a28-dee4-c89c-cb40-477210a99a54">
	  <publisher> Stuart Knightley &#60;stuart@stuartk.com&#62;</publisher>
	  <name>JSZip</name>
	  <version>3.5.0</version>
	  <purl>pkg:supplier/%20Stuart%20Knightley%20%26%2360%3Bstuart%40stuartk.com%26%2362%3B/JSZip@3.5.0</purl>
	</component>
      	<component type="library" bom-ref="7ba8936c-e87f-e4e9-87d8-c78ae77b22f2">
	  <publisher> SheetJS -- http://sheetjs.com</publisher>
	  <name>xlsx.js</name>
	  <version>0.8.0</version>
	  <purl>pkg:supplier/%20SheetJS%20--%20http%3A%2F%2Fsheetjs.com/xlsx.js@0.8.0</purl>
	</component>
      	<component type="library" bom-ref="2de897f1-2622-fc3c-e7a2-c4544e8310ff">
	  <publisher> Hosted https://geraintluff.github.io/sha256/</publisher>
	  <name>sha256.js</name>
	  <version>1.0</version>
	  <purl>pkg:supplier/%20Hosted%20https%3A%2F%2Fgeraintluff.github.io%2Fsha256%2F/sha256.js@1.0</purl>
	</component>
      </components>
<dependencies>
<dependency ref="e85fc03b-cd19-3fb8-a939-713497b7397c">
  <dependency ref="b368c8a4-2bcf-ef1b-316b-70dd3ccbf3d2"/>
  <dependency ref="1e6a5a62-5674-290d-e924-769ec400f618"/>
  <dependency ref="754af5bc-0118-af7b-fd6b-6fdb6c179565"/>
  <dependency ref="01eb8c3b-86ce-60cb-a3ff-6a52b65ff03f"/>
  <dependency ref="48e59e89-7327-def1-fbe2-2e3f7f19aa47"/>
  <dependency ref="b157628e-cef9-d315-d517-d4194120f740"/>
  <dependency ref="44134a28-dee4-c89c-cb40-477210a99a54"/>
  <dependency ref="7ba8936c-e87f-e4e9-87d8-c78ae77b22f2"/>
  <dependency ref="2de897f1-2622-fc3c-e7a2-c4544e8310ff"/>
</dependency>
<dependency ref="754af5bc-0118-af7b-fd6b-6fdb6c179565">
  <dependency ref="978a07f9-5d54-caca-50f3-d97204bc858b"/>
  <dependency ref="539c8b77-d5d0-3497-8a39-fc65de4ccb36"/>
</dependency>
</dependencies>

</bom>
