<?xml version="1.0" ?>
<SwidTags>	<SoftwareIdentity name="SwiftBom-v1.7"
			  tagId="pkg:supplier/  SEI/SwiftBom-v1.7@1.7"
			  version="1.7">
	  <Entity name="  SEI" role="softwareCreator"/>
	</SoftwareIdentity>
      	<SoftwareIdentity name="script.js"
			  tagId="pkg:supplier/  SEI/script.js@4.9"
			  version="4.9">
	  <Entity name="  SEI" role="softwareCreator"/>
	</SoftwareIdentity>
      	<SoftwareIdentity name="css.css"
			  tagId="pkg:supplier/  SEI/css.css@2.6"
			  version="2.6">
	  <Entity name="  SEI" role="softwareCreator"/>
	</SoftwareIdentity>
      	<SoftwareIdentity name="Bootstrap JS"
			  tagId="pkg:supplier/  Bootstrap team/Bootstrap%20JS@4.3.1"
			  version="4.3.1">
	  <Entity name="  Bootstrap team" role="softwareCreator"/>
	</SoftwareIdentity>
      	<SoftwareIdentity name="jQuery"
			  tagId="pkg:supplier/  The jQuery Foundation/jQuery@3.5.1"
			  version="3.5.1">
	  <Entity name="  The jQuery Foundation" role="softwareCreator"/>
	</SoftwareIdentity>
      	<SoftwareIdentity name="Bootstrap CSS"
			  tagId="pkg:supplier/  Bootstrap Team/Bootstrap%20CSS@4.3.1"
			  version="4.3.1">
	  <Entity name="  Bootstrap Team" role="softwareCreator"/>
	</SoftwareIdentity>
      	<SoftwareIdentity name="Popper JS"
			  tagId="pkg:supplier/  Popperjs Open collective/Popper%20JS@1.14.7"
			  version="1.14.7">
	  <Entity name="  Popperjs Open collective" role="softwareCreator"/>
	</SoftwareIdentity>
      	<SoftwareIdentity name="D3.js"
			  tagId="pkg:supplier/  Mark Bostock D3/D3.js@3.5.17"
			  version="3.5.17">
	  <Entity name="  Mark Bostock D3" role="softwareCreator"/>
	</SoftwareIdentity>
      	<SoftwareIdentity name="SweetAlert js"
			  tagId="pkg:supplier/  SweetAlert Open collective/SweetAlert%20js@2.1.2"
			  version="2.1.2">
	  <Entity name="  SweetAlert Open collective" role="softwareCreator"/>
	</SoftwareIdentity>
      	<SoftwareIdentity name="JSZip"
			  tagId="pkg:supplier/ Stuart Knightley &#60;stuart@stuartk.com&#62;/JSZip@3.5.0"
			  version="3.5.0">
	  <Entity name=" Stuart Knightley &#60;stuart@stuartk.com&#62;" role="softwareCreator"/>
	</SoftwareIdentity>
      	<SoftwareIdentity name="xlsx.js"
			  tagId="pkg:supplier/ SheetJS -- http://sheetjs.com/xlsx.js@0.8.0"
			  version="0.8.0">
	  <Entity name=" SheetJS -- http://sheetjs.com" role="softwareCreator"/>
	</SoftwareIdentity>
      	<SoftwareIdentity name="sha256.js"
			  tagId="pkg:supplier/ Hosted https://geraintluff.github.io/sha256//sha256.js@1.0"
			  version="1.0">
	  <Entity name=" Hosted https://geraintluff.github.io/sha256/" role="softwareCreator"/>
	</SoftwareIdentity>
      
</SwidTags>